steps,Time [Days],q0 [STB/Day],q1 [STB/Day],q2 [STB/Day],q3 [STB/Day],q5 [STB/Day],P0 [Psia],P1 [Psia],P2 [Psia],P3 [Psia],P4 [Psia],P5 [Psia],Q4 [STB/Day],Pwf4 [Psia]
0,0,0.0,0.0,0.0,0.0,0.0,4000.0,,,,,,0.0,
1,1,600.0000000000169,0.0,0.0,0.0,0.0,4000.0,3989.436768496218,3968.3103054886546,3947.1838424810912,3926.057379473528,,-600.0,3898.992646527117
